R&D Spend,Administration,Marketing Spend,State,Profit
74908.0237694725,154724.25710296177,92566.46441930982,India,123048.69698063887
190142.86128198323,130414.45495161806,270950.47368917905,Canada,330381.06075124466
146398.78836228102,96429.14244294916,436472.91793820413,Canada,363978.03540835174
119731.69683940732,172069.2529560423,366112.4432047806,India,342048.1849527506
31203.728088487303,152709.6758830819,403280.5739307249,USA,274807.77956935996
31198.904067240528,74392.5409017337,329391.68335535866,USA,192511.34838436075
11616.722433639892,186639.07767407637,346138.28225892625,Canada,262285.6724118878
173235.22915498703,173380.58643847535,424597.82578265964,USA,399730.6806863226
120223.00234864176,192469.9869937886,124834.00442959297,India,215790.30940164783
141614.5155592091,158857.92625825398,244712.48182157023,USA,264639.87205416465
4116.898859160489,142012.2793903685,110604.72090980111,Canada,92333.91833550928
193981.97043239887,112736.45544359283,493834.0039983235,India,418227.46069762076
166488.52816008436,189909.272503102,472029.66984330665,USA,422719.5180021829
42467.82213565523,179909.58342506125,19713.40568425295,Germany,132038.0051810159
36364.99344142013,56782.80051592841,352787.58625784423,India,195082.6051782096
36680.90197068676,53955.0461745878,462624.1587078329,India,244572.08682530734
60848.448591907545,106469.50503170743,90287.67256366677,Germany,155186.8532147438
104951.28632644757,171582.99961727494,283972.6152763147,Germany,273235.7630414606
86389.00372842315,198091.41939724167,457744.14879402093,India,344029.24842572317
58245.82803960838,72562.53366552922,16972.98929289942,Germany,97650.01092571672
122370.5789444759,139119.60730282025,348710.13362341997,Canada,301875.1013633995
27898.772130408368,107133.62849465323,148674.5036862754,Canada,165316.5523667991
58428.92970704363,195487.1596721905,462198.0976882652,Canada,350046.85793821
73272.36865873834,176317.8384703563,485529.12258268386,India,344519.5795965254
91213.99684340719,175749.30570667068,472133.24455671693,Germany,404908.77573039546
157035.1922786027,120303.97396924555,237107.10832873188,Germany,268158.60171795497
39934.75643167195,112222.92535064978,431021.3254946567,USA,295967.25293804694
102846.88768272231,91011.06078960594,422274.6992675352,USA,326704.02962495707
118482.91377240849,58456.32449763907,159550.23662162782,Germany,218133.1724660084
9290.082543999544,179708.35643825796,414457.73707533866,Germany,299803.66543888336
121508.97038028768,171935.15136951162,18503.81735774631,Germany,158679.7133752721
34104.82473745831,199957.65099291957,298134.9392410265,India,221270.26730143212
13010.318597055903,199495.52556108581,115004.41864385153,Germany,136958.56472667857
189777.10745066666,133314.75584039412,60283.4428886394,USA,208403.52676192913
193126.40661491186,165348.11227707658,38476.60081460458,India,263611.6043328872
161679.4696232922,191714.8594823642,348144.3879390699,Germany,363660.93413453276
60922.753834674135,177447.10860161172,169937.48188403307,USA,179634.64556399718
19534.422801276774,87102.21526147965,362383.38576438074,India,226643.50181895384
136846.6053024314,117581.62029651403,32678.170399471186,Germany,134148.329740041
88030.49874792025,69373.91227272425,157645.16891530517,Germany,150626.87636759304
24407.646968955763,193107.65408880837,269745.6461876686,Germany,236339.51505452994
99035.38202225404,140926.19516763202,395361.58241948177,India,306049.0697984058
6877.704223043679,84296.42082551941,159376.25146603497,USA,89540.99570546945
181864.0804157564,150755.1026608785,312945.68821850454,USA,357923.6942906667
51755.99632000338,142719.23606868437,442988.8741180936,Canada,329429.08802891476
132504.4568707964,103724.40770492607,307931.5940911523,Germany,305465.7510669924
62342.21521788219,67033.63882994435,116479.73737681688,Canada,148144.6862278138
104013.60423556216,150735.97933891992,12200.39077826901,Canada,119395.970807871
109342.05586865592,128046.15513556899,435049.43695046497,USA,314975.99637599103
36970.89110510541,165847.7587603459,10634.70542519357,India,114675.06626389462
193916.9255529117,128024.52516679901,437350.8363420997,India,405762.7193865762
155026.5646722229,177827.22504778102,264468.567013606,USA,304587.04242981464
187899.78831283783,132786.02581617283,469533.8492564481,India,451486.44586032734
178965.47008552976,134140.69573030795,399391.6178868327,Canada,394234.9939189458
119579.99576221703,181498.04039875176,498967.0552666687,Germany,408714.69180436566
184374.84700462336,110522.42993185956,175355.90772585507,USA,311634.60734420584
17698.5004103839,70102.28426759611,383594.14446556347,Germany,214116.19323376482
39196.57248382904,54317.40144700085,200965.4568046211,India,166692.00938509876
9045.457782107613,163270.58835104285,239937.8101519544,Germany,177326.71030491785
65066.06615265287,143046.4327030197,313752.73160918505,India,257214.99411488586
77735.4579378964,155611.96521488353,436838.55709316937,India,357860.6029896175
54269.80635477918,81944.62422633661,492041.7345996476,Canada,324176.8147773406
165747.50183038588,70455.72133801546,384136.7069322591,India,356568.99291283556
71350.66533871785,52181.69985018229,208883.39108366688,Canada,198626.88451405845
56186.901937476156,102588.13382098955,210678.5011385351,Canada,173766.15767468762
108539.21663164969,138487.65302819497,368791.15079444577,Canada,295989.05126422097
28184.844994952527,108836.60676495984,119388.57288415117,USA,93996.9605871049
160439.39615080794,115621.23830355937,55237.05656569733,USA,151329.2849070428
14910.128735954164,185623.80417406227,177311.07882038827,India,197394.92624998259
197377.38732010347,102238.32005349506,143619.49582704087,Canada,238318.98647121806
154448.9538593315,127098.42337397161,148154.06022799504,USA,231340.64774193877
39743.13630683448,167547.95191117146,116803.87552495497,Canada,134924.56638351807
1104.42342472048,109481.41734819053,21046.59481818094,Germany,50399.39530950602
163092.28569096682,143313.00503418103,8936.967366706906,Germany,194250.95799716716
141371.46876952343,179354.5563120118,493861.19486801577,Germany,431043.60911042505
145801.43360819746,192428.0935486463,213886.56686793116,India,269651.30961373873
154254.06933718914,72061.02213935569,192163.32357984083,Canada,237760.78962575019
14808.930346818071,188988.14377422415,339823.64134653495,Germany,244107.00709275514
71693.14570885453,123817.44396193072,109126.94393253209,USA,144089.39919825795
23173.81190502594,88736.65824484375,474980.5919751127,Germany,314797.25450543006
172620.6851751187,118870.3634357392,393172.507207776,Germany,380163.4098074698
124659.62536551159,197004.88629282155,44705.50115612976,Germany,195879.47247931696
66179.60497052984,123892.71409893045,208790.38789246418,India,207764.31752568332
12711.670057204727,99312.74154312623,439559.15378108236,USA,283212.21254894935
62196.464343132444,145010.12814750886,472366.0111457051,Canada,333063.6466656853
65036.66440534941,86021.84281672895,233700.75562493486,USA,168749.6232226487
145921.2356676128,61379.49921629959,306705.69460535387,Canada,296497.44463670993
127511.49427104263,69331.95828659738,83516.97304603762,India,151540.13154999554
177442.5485152653,69206.87584366587,495584.31306848826,India,399935.924464561
94442.98503238986,72785.40402684416,115835.8506917217,India,167035.21495492785
23918.84918766034,70824.07589741152,471365.88706756284,India,300830.90708180587
142648.95744459901,146131.21172048218,324823.32449618424,Canada,320795.6232546372
152157.00972337948,77282.01265987172,303868.39743942954,Germany,303021.07054835913
112255.43951389924,101850.09249857947,256344.25550825428,Canada,282575.8060075251
154193.4359909122,184518.26148590178,115334.90585887934,USA,241192.74375771132
98759.11927287815,121094.24603943086,88264.01600275413,India,211501.23951511676
104546.56587639882,150133.6607781541,110243.10453508768,India,195109.09611473998
85508.20367170993,75847.98068024448,93219.13107212726,USA,102555.26749438856
5083.825348819038,78843.35282130062,389792.23678337666,Canada,237683.01693922438
21578.28539866089,56130.29243997183,175062.62958336505,Germany,129256.19854025835
6285.83713734685,75340.25946082469,28921.338281698183,Germany,67886.47177062888
127282.08225275608,91788.5508547938,484551.31507040566,USA,385101.515619245
62871.196215265336,76551.57264151203,441892.94248171285,Germany,291439.7803258468
101714.13823294056,63305.38006355834,463876.1415976065,Canada,307815.0306784359
181513.2947852186,68095.38066509012,497453.9113232176,Canada,410185.7405435902
49858.44582977499,119116.81520490887,86947.62460974365,USA,102085.20444597847
82076.58460712594,80950.05776086888,198121.0094513294,Canada,177396.32074353166
151110.22770860975,104640.47915721132,379119.2378520456,India,353611.51292848616
45759.63309832449,125512.59062822853,348010.30902689614,USA,281664.7282676043
15395.981965758598,153559.2242944048,76947.95316992752,Canada,104751.96004235171
57950.29058275361,55896.82097616484,407916.56249530887,USA,243169.8987660031
32244.257450800884,169911.55983635638,112220.28591833034,Germany,141771.07023511562
185939.53046851463,144185.05842363616,111908.80741131154,Canada,271894.1753404714
161624.0759128834,62263.854792330785,268487.2114467068,India,270026.36480497173
126680.7513020847,181036.79361601657,296469.9674208516,Canada,301210.2795034402
174292.11803754355,188130.86007977198,290043.1039189056,USA,341188.26830800314
160734.4153798229,59161.69397822957,45743.41869887744,USA,153509.78358512113
37314.01177720717,91531.64722208056,438730.43131519016,Canada,289641.52792286215
178511.79969799556,170930.1919689592,132800.02129435304,India,258069.5450241051
107868.44838313015,162238.95355754875,64757.46064140209,India,175735.82397261035
161488.03103281252,77678.15290345659,444374.0399344886,India,356931.04710848926
179218.25998469864,81402.39850050655,477825.7491148767,USA,397959.03608888097
63600.694994372774,105570.8154187073,431063.8086327253,Canada,312531.3320940285
22010.384905535353,122678.4477786532,404758.03736243903,Germany,249334.19789740842
45587.032508388336,142738.2157295444,327620.99031951086,USA,277640.8629099975
85421.55772525126,105337.04593546587,275428.68530456966,India,229659.97890083358
163602.95318449862,119380.20741997218,43493.379955705066,Canada,192936.80926648082
172146.11665126868,162120.64072006347,204226.60653534936,India,307118.20544217044
1390.4261062381406,55502.480433589684,186344.258506157,Germany,82567.89960948529
102149.46051551314,87865.54165160311,129876.89188016311,India,137801.5006083575
83482.2006297558,157002.43788268286,361710.0568442925,India,264228.39399935387
44421.56209414605,184281.0256530799,247937.8675393854,Germany,240042.17320947716
23973.07346673656,126751.61631734992,40523.107953823965,Canada,66428.33472765726
67523.0342807256,129817.02278979735,110091.60097490567,USA,199173.32046233755
188581.94078250384,66075.8017009664,341629.381829798,Canada,330218.03207804426
64640.58640415104,117111.85502351819,38065.42974515009,Germany,109569.76656689208
103758.12434867321,129892.58996825348,425603.45702438435,India,365618.2040329643
140603.79177903556,86370.57554520946,247573.26350698716,Canada,302302.6956034673
72725.9204758588,90386.48464240714,240293.288663324,USA,246673.39763779912
194356.41654419212,106592.6244656934,296203.8923297588,Germany,359732.19135180395
192489.45898842224,53010.67966665896,412340.4829625746,Canada,396546.263088252
50356.45916507283,98311.87483747675,173904.60395109653,USA,168581.57074287324
99449.70117847709,81717.2010494817,339008.07627953176,Germany,289146.1809207248
60175.66196335393,99124.60282668719,282865.9819978955,USA,208287.1870910664
56968.098875493524,67964.31977288768,133514.13508471067,Germany,116356.86490617032
7377.389470906559,183579.09211098423,439314.993177579,India,280565.646650591
121912.86679597937,139038.8680331073,398713.01080346404,Canada,335194.7667979491
100535.8046457723,151865.34787167344,329225.91732921277,USA,281536.64575618075
10295.750249997871,168375.68579110072,425290.86454712093,Germany,285322.4871600233
55729.292847322286,124766.32983935859,433647.1004799012,USA,317942.9876410262
181653.17719333075,63038.04321311355,354181.4883575174,USA,343092.8366231943
47912.378133394486,130565.98127278217,418506.664181836,Canada,316303.6306005735
28978.97441824462,138026.16770313185,348735.73083464184,India,216125.11298018607
97890.5520555126,161815.9211276495,340070.3858801502,USA,293019.22173718567
197130.09082212014,114748.93193445192,309305.68910759216,Germany,332445.15037977166
48411.05430230008,69137.04541933456,376358.3197788206,Germany,210318.38461558954
134427.10948117572,92566.38586980867,79302.55264653685,India,173309.2659522976
152323.92306574353,104462.34445979526,440435.37959946424,Germany,370980.58142259985
47527.50879847993,146887.58619974018,435921.763872616,India,330318.15969985665
145643.26972237192,135616.7457003368,14623.641517279573,Germany,177127.6939377339
73556.62654385064,103414.50888467694,412908.3752823813,Canada,275840.1050550901
126461.16611871589,197977.28731894697,64434.933736722596,USA,229861.43728570186
126705.94215217893,140866.22290353308,167559.42712957095,Canada,251825.0080680956
107154.9368149517,85584.01876039917,371754.1281458039,USA,308918.17322235537
18057.95401088166,65267.370893060564,80379.9480241541,USA,69686.86651170392
167060.4991178476,72928.87087764981,408983.5120595311,USA,340830.03185286897
64156.01299434717,86893.65925767622,416067.08897887095,Canada,277982.31714079506
37303.70207997085,74102.20598893335,253733.8668804181,USA,200715.52929494946
8155.028310952784,77985.05360769587,3192.93585841679,Canada,69207.73277897156
118178.58863764837,92764.27530407706,143519.0665874564,India,224996.55736051378
135512.87236845648,76006.03929421323,308463.4591878711,Germany,275666.85084123915
3317.56578557123,184514.81369396378,490593.0890137117,Germany,280912.6925777218
102418.6116598562,62035.06184924633,315906.7635083342,USA,261316.51457505
45299.15503958759,128676.7084355382,129901.7905320799,Canada,104424.44451711443
129034.55808188998,111559.52404844922,317002.85154980567,Germany,301660.2837386452
34873.28580099829,197356.79253629097,269992.68985792773,Canada,219149.9596046764
138187.5476204932,66805.83532520785,389922.6975755718,Canada,316232.40744437795
77347.06926010748,109678.33985686125,53490.31941347921,USA,89632.25572654807
187345.9977473469,195420.56499130532,380513.951251014,Germany,409031.94545217045
27504.18882919865,179826.06888409704,270633.2893380551,USA,200613.79960437736
68213.2702100517,172560.81064239197,481496.00192949735,USA,323688.52361130185
22694.704248117814,88685.42405674097,170936.08301934303,Germany,72784.18785955507
184938.72365571256,75633.13810850987,316310.94656697405,Germany,328246.0955395973
175467.8706761962,150296.48298866465,466014.05275500874,India,453915.29974845564
51588.32554303112,189406.39836913787,51254.86399533963,India,156945.19623379348
131996.8092068358,133514.43395208946,468614.24361822556,Canada,370816.97422848287
163444.44004024318,135741.90342048497,343942.86115040665,Germany,331405.31242630776
111040.16231989246,91996.86404904263,33918.529552585955,India,142765.93896842023
105930.1156712013,165423.93997879053,150481.7834734081,Canada,189644.45748353642
48370.45818009034,78056.5622836285,354086.0443226408,Canada,245192.19538687053
18620.55356117984,98551.88546063655,33675.30073438585,Canada,76621.26442202157
179443.15159066534,113815.46579246252,291085.2300881366,India,347780.44053202553
180083.6114326661,126141.55680266826,172941.52847647836,Germany,266377.03889557347
126620.29145465359,86361.45986226204,310457.75888373854,USA,278360.07556073146
67805.95820974013,67225.52371088053,22871.016906256424,Canada,68288.28039905324
69841.91492253217,141593.0063662449,435768.4030761881,India,299698.0283051961
145191.13577404787,93294.58298603837,486744.4845886985,India,382983.94797136856
179422.0519905154,137185.73321339185,484438.9276428457,USA,434260.13551417633
177417.28485302345,73154.40729113035,374825.9158714624,USA,369564.800530154
155975.10917152476,122171.01527822262,65043.12006531598,India,177889.3729397377
128406.32923085755,129888.41488273788,379131.5979645113,Germany,361111.1582109535
16827.992999009766,57773.53052336404,12293.458229400756,USA,31518.71065006603
32325.742818922754,100490.64172908809,11061.775764498627,India,61111.32876914522
179710.83770541585,70162.20154084614,161805.1095747706,USA,230775.6518310154
121285.81193191798,59506.24557091516,244321.5952023329,Germany,188556.51561251655
1839.4103233259295,198494.0348584918,385203.7089038966,Canada,271302.5010953776
20294.30857320642,98353.07674620845,341647.68830325257,USA,231302.09197590261
132700.35382161115,171481.16687819525,222951.35318837417,Germany,263453.7585725703
1012.3167692437373,88196.09821456458,136813.33314083292,India,97015.16379467827
32161.61028349973,152225.40833358938,498562.25007885555,USA,330996.8201203863
109746.75787331723,164034.17898345296,213090.65111798648,USA,212302.06841495208
138379.03953853864,139345.81109117664,225693.51216483774,India,254772.6774936769
130392.2519005201,120736.42828252376,81811.91059583459,Canada,197325.97889552705
44853.861892111956,111776.13712209028,397404.7743749647,India,243032.52937441398
142435.8442695072,102330.2399814493,346841.1128907443,USA,323939.4624987453
47449.81749936001,189429.37163717387,110384.8063943802,India,122849.43259536219
65079.939631853544,174592.91116815936,41190.52280792135,Germany,134365.68610856184
149298.28102360482,194754.03659997688,340249.6510373565,India,347276.8316716056
129926.57980944293,68644.5835228317,327255.6071405676,USA,255859.8061565775
169844.6820988356,159630.12128054665,136629.76349910465,India,275374.4509019282
131522.57846006867,190751.06852315567,475431.78112520516,Canada,385467.4423516432
113661.72066709433,77184.95992484903,75528.94589045012,India,135644.2887160676
18734.953565618496,59974.44010501662,216167.40052130097,Canada,145075.37908926915
73543.1606118867,161168.09739350886,471807.96008379944,Germany,366061.684738036
53040.47353634509,136170.9669769868,209863.65846306115,Canada,167899.06177413475
48797.928675816715,176274.3165137408,319262.9738320428,India,252785.72180775643
194602.11095048912,70965.85649394343,198797.19898139714,USA,284946.3752058844
78619.54493335208,169290.09677898354,137107.60117433502,Canada,196098.5777128071
178409.31103542267,80244.09800716168,491988.82397991413,Germany,416323.92132598825
126227.72519945257,74548.39142985568,204667.0031575215,Canada,218339.6423856131
158962.26070832968,74639.86968964894,447049.6018395672,Canada,356534.76598036767
100527.41862103842,172186.20803470732,114977.3029455431,Canada,191289.32644094198
115380.77692527183,149779.58310443,106552.35201254165,Germany,169071.89223810518
98503.53876377278,128459.8137153679,15567.04144225568,India,66697.28617686429
39048.5975596089,103824.57261852537,325833.4126879425,Canada,234034.15226036933
144490.42305230108,181580.08112196624,184263.17186188058,Canada,280276.6455310949
56154.47248817116,108866.76611339531,432179.12491981854,USA,246414.521573628
4863.193286290768,172489.91592073656,236604.95334577857,Germany,153745.39198394414
129094.45918143356,115870.23628553277,484096.7139573609,Canada,392468.0804295911
35422.13588140979,106541.66441373614,92762.75785156057,Germany,147831.49634926295
188091.71687058287,119401.96785044097,434311.5839778054,Canada,403865.62999400945
190785.71540051748,95206.6811246213,388298.42639587086,India,360779.7310311532
182972.8780440897,162141.40702643766,385460.922322026,India,384093.2568821193
74031.74005108888,125408.05851387187,422391.6140584438,Canada,335541.1450072183
3091.3233057734856,84831.9042720226,380511.99547149945,India,205259.3440794846
185663.71251754506,184936.18599118528,313110.1608157077,Canada,344583.06608624046
85636.82966346286,107583.68320598171,65622.43884119378,India,123940.91766952103
193330.9638087339,131532.9291670983,16263.089745625959,USA,183189.62250475536
192723.99541785056,185970.81664468205,460423.9239078434,USA,442635.8096015027
170601.89109347202,143635.6993870988,308325.15726036904,USA,366228.37049048307
58889.778413917134,67534.70610625461,398268.64548808814,Germany,272968.14276937477
77019.54572038505,190974.81854202127,240761.17575627504,Germany,234241.5999745262
170227.33430337138,144156.20796071267,58654.09448119724,USA,202919.55169319865
63384.40103125553,100235.84219856292,62592.89610127522,Germany,80810.90536127778
33898.5493372185,70890.81089950808,342782.6436144857,India,237439.60008981323
111360.25249167003,169103.7783905444,215152.94744973135,Canada,245839.06529510897
187230.9548321562,143010.91338927703,100262.36335016837,Canada,239209.62128577972
139205.9593349946,130019.16379644822,245797.27337071844,Canada,337131.3046491866
114012.234017873,184083.88745764364,32104.468537567045,USA,168462.24588768874
19435.298754153708,168289.5816836796,290985.7009571994,Germany,196492.14298512286
123001.44533983395,72751.23195991268,134496.70221754882,India,178947.72504450454
198010.77002085265,96758.31016933222,398779.5503185941,India,409794.79841071396
28016.803047304806,87273.37097216985,155180.9794617869,USA,128451.35167114354
103665.93047274735,161591.94388590154,227610.0745409006,India,216449.8052480713
175474.6143855911,55029.86521036691,5810.269954050318,India,178178.36474011219
148153.7235508409,135483.45273069746,36223.44389727944,India,163916.85489774178
139403.1481990536,164368.80286110358,196246.7782033424,India,296422.5040435961
140496.81679742187,181514.84551426242,239969.41735856177,Germany,308437.5770857901
71898.23024395104,101312.26230738612,300010.2740596519,India,228970.96200402756
58718.368852898675,173188.59570080193,145831.2893546516,Canada,197467.24570458755
161872.23109570274,66594.76054328108,347490.9430632713,USA,324578.79478173016
162022.67893583616,176967.84376017773,430061.1985946023,Germany,414794.5690764678
173414.46371602075,69123.29934979737,389925.4944466749,India,364125.9643469828
182648.11051129425,109593.09358405508,19809.412674178573,Germany,171973.98972152374
102268.47977218757,169594.30486693303,240253.47362891448,India,239948.81544593794
100303.25893743992,72487.61410231606,52465.08920908743,Canada,148820.65233681368
159659.03579335503,84387.70928489622,121022.50793126374,USA,206859.28874365395
129992.78615555303,158337.88525895996,493331.29663357325,India,390088.2735540771
140393.37545154066,158005.48048191116,71247.77145075661,India,176237.7786441971
159158.5338872202,146172.1449327946,249444.07672567802,India,304372.4902643228
178001.06836351327,154092.266670065,309077.86715905956,India,384417.9666562228
67599.03137030716,131408.66650213941,351232.485272052,USA,247767.4093978281
75116.5905279888,87769.85883604291,279824.3417434571,USA,226820.79007838762
18796.3879681738,101854.39902558792,4885.42370959183,Canada,76280.55304531992
115656.02819923479,77239.65752021385,163230.65412199593,USA,195719.21905153565
7188.454759348417,186267.58420004425,258855.8216923557,India,200106.38583866452
93119.60362649203,137508.76921491808,43933.24957241668,Canada,116467.0678889398
108528.92694151532,110127.71251454599,175313.46560459037,Canada,216084.3300540242
57308.25042565688,119300.8705466199,16601.55439568328,Canada,86194.75340226214
118166.65211380215,192092.5009417723,39289.24857751037,India,191520.29617592585
6100.049987809885,73002.71046741203,198461.63810079804,Germany,149759.39321216557
7469.637749842884,137934.4748025196,66357.87702153018,India,132326.26399176757
164520.11213193164,125883.3018326699,283770.42413077905,USA,322858.95578500733
72038.12828225258,141718.13531519717,344732.48456863285,USA,279028.11183632095
25412.102530376957,52716.52757312608,400293.3495545414,India,240179.00110505684
104448.65201096087,180818.58634162272,100075.12212240505,India,180778.73271624424
153998.71061972217,189817.74237254186,83741.29112953487,Canada,228784.61364154157
43164.20549936863,134769.97753838135,52283.92016720013,India,95196.28954182878
124578.09516380006,154497.62358153384,318215.12477181834,Canada,308488.54511680163
17069.492998753598,188374.90717659437,353237.8632434506,USA,273138.9488858657
10336.34423372154,156085.79514700978,15793.072412821019,Canada,42860.49883189784
106270.92631362959,72880.8564371392,468106.1231218449,India,363731.6307655488
108127.0243220213,136443.25402502198,25985.641825736206,USA,166769.71792478906
127485.9802996413,141007.25695742838,270648.16765053524,Germany,277253.6746123876
145218.2667445323,113619.6006953579,354530.2597254582,Canada,285088.5254867904
195170.41589250692,160466.63534370842,435484.5618730428,USA,409862.1645117508
103260.06966023907,190155.05221535222,357043.4660662139,Canada,344116.19535712607
64591.29458824919,188835.27693601645,400864.0415348959,USA,308298.2782728746
159037.23895374074,117625.90571061982,169725.09627140302,USA,227394.06636598182
54166.45025241484,66985.70687611328,407412.5568732561,Canada,257039.65227682955
87794.28414112722,197726.17984435018,40057.42319233757,Germany,166394.39339246668
15691.276268453192,175834.71296689013,447408.32803026383,USA,299942.2702839891
5070.148683091502,68699.40218049003,273796.18807686813,USA,156785.39165566038
192529.682935585,188126.28239260585,408648.88498124684,USA,407449.58532057935
167196.02410244115,180484.45430931926,226159.14225915007,Germany,293146.56372344727
139194.8412187396,127825.70856891082,321788.8475982625,Germany,292149.8056548261
81790.58888285398,138691.31536173937,263201.3304680566,India,270948.04473822215
34658.86401416916,109850.40558051954,365794.76087766595,Canada,237133.18394009737
31287.408534217207,58214.2458233047,40814.991015294785,Germany,87244.8664985225
50048.57963291906,100279.58624688514,30176.0419952819,Canada,115637.08161649076
109845.3329412241,170428.01728970173,123551.61700507322,India,220746.69800538564
142919.18454001247,50694.80345069043,79772.34005659417,Canada,160797.5524411532
132039.47534354625,100024.87575367163,435891.78329610085,Germany,361659.53645572107
55986.77938918857,109725.3040386415,109606.99367902215,Canada,132026.59943463607
190973.05613263883,130609.34044068844,487932.62790956564,Germany,417853.5237784978
147579.3833391537,187978.3424619141,168447.89588555341,Canada,265168.14298710594
110870.81050228013,101951.89915489418,91058.95784434964,Germany,141230.9012472711
122344.14924687045,102042.98028443416,394849.2535712396,Germany,349666.4280376777
83920.01248555798,160625.18721646228,329353.88775043807,Canada,270708.1640826362
49546.19790023149,117832.69113347107,249097.8582265695,India,203558.88789096804
71194.53573025232,83690.7234409973,277681.77546881564,USA,226569.4907818317
151569.22209287382,117865.92741990401,359600.8891361319,India,331237.5009942547
2878.6977259511737,71128.55305696998,114227.37066564936,Canada,92489.0854601821
23214.528101383246,76458.0479759335,498166.958028371,India,281094.4427556216
9200.528404350549,124755.16591092196,487396.58107339154,Germany,305911.2089825977
8145.760463794028,112838.81742568218,325162.8431734684,USA,176030.08158053912
171092.11680220143,187226.885160215,99771.22546457256,Canada,245454.96331304018
140731.57187600475,104359.08486749497,340114.12121564563,Canada,352728.62355004076
94834.76581746504,137088.25254170652,36099.20448958792,Canada,115037.26416916646
19566.832130200295,144839.64318792956,15326.251102903032,USA,53213.58480149359
98323.17502336646,51964.16848825005,128841.44425560684,Germany,168946.66968614992
94694.35415611314,149530.6058025066,231311.47836965814,Canada,239862.0398892635
34640.37398200304,76705.3950304627,434136.25270419026,India,274804.6460323076
86770.3298475946,194160.54762041828,363584.53488315403,Canada,319240.4382087315
79700.9468794747,72299.40916296694,371353.2605999905,Canada,283821.6399237005
123170.0196104433,112193.61855905356,212746.66722403766,Canada,260761.43170721404
127018.73017352876,62802.450211796575,172967.49627348146,Canada,215135.84047767296
9060.801954408904,199531.1377768921,185519.38149230136,Germany,155042.52055037458
74922.52292529424,125329.25154968639,493824.7818680289,India,357900.6587632104
125171.98314284728,139307.75259800657,20054.59570624124,Germany,189954.84884470474
100627.25171601753,60061.471608264124,433515.7480612243,India,312625.4419582539
171297.96823766446,162494.07055987668,289337.70428619673,Canada,310964.8618077801
131738.72632378901,81485.83896433786,219307.70959479522,USA,261632.20093146962
32586.88541628594,184708.14341610705,362628.83020756824,Germany,260388.74318257303
14113.74948008597,80770.94607230107,243334.47071235144,USA,113736.1278416541
128483.85564126313,78603.15809954998,436711.6190408303,Germany,361672.275006299
5302.262108324363,55482.45017721423,450350.93200562923,Canada,235355.44702355991
117155.11625469266,120810.04176649988,210860.4634367277,Germany,233586.67160598474
188046.04828499153,134726.16998939245,138413.8986175258,Canada,266701.24554495414
115094.83557517579,59856.295914252856,296175.1642966811,Germany,261930.33297833838
77633.98524130438,166329.1425042516,456181.67280834547,Canada,354285.8036912725
128657.64368847063,117993.32521220414,105331.0945028333,Canada,182279.93235445756
91650.57809830333,128658.54039913701,311483.29178174137,India,277921.7864527761
109123.35786318699,116114.41204073423,315780.1100462603,Canada,274832.1313742217
188292.96175530503,110114.4591312989,366556.51120764046,India,381723.172365204
77220.52756015485,133946.0496962327,65783.8425636299,Canada,147159.5079190697
192238.11276478285,73286.03688960688,357912.4823410443,USA,336023.7684083386
181070.12839121275,77289.21957429068,454516.2603328205,Canada,417020.6410751683
39158.22695785929,179267.84315202758,89841.55443512098,USA,119308.44282717523
13872.26017503309,191917.31932004492,118771.66246193882,USA,144219.99113263225
20155.60027548533,105996.39744196294,485697.5470208198,Canada,298117.91923141386
3644.3651303099455,90611.70097153306,90488.47635474488,USA,112106.91410898278
18888.59215118568,146599.93148585234,427192.5466847896,India,268217.806861662
136601.35468327138,111310.12566471446,246138.9282240174,Germany,258757.24963567618
14237.729692045797,53807.95334905173,123615.53720158852,Canada,88951.94624139175
63795.12605875226,73422.88960492855,435374.9506362557,USA,284686.8473899227
168975.06219389092,157395.83432710962,222652.62750133275,Canada,309723.951842753
4654.387147165173,148838.5912865227,257408.6769648451,India,144753.21341737974
162893.69651778715,54064.39887552252,179616.68469988284,Canada,215268.97084390084
56370.95495467998,83295.82428994242,296475.4257174637,Canada,196967.1656778747
23632.96552433125,84661.21948821071,81761.93629251138,USA,104191.85825165542
139347.43307283014,150783.91153980925,195540.76832588034,India,288695.77153478557
125788.5693559768,52956.58066315462,484706.16116764373,Germany,356781.92589680024
175494.40270541058,65616.28729768608,129066.71635056377,Germany,221237.33206511597
147014.20876077717,169987.41280597838,328368.3322706461,USA,334192.80024800193
160696.18607696972,76781.69930815004,162595.03211234743,Canada,256126.54076235832
56406.9145142613,147911.9161777812,386736.56284330034,USA,264320.3252025821
35487.90875594456,85727.41715700898,65436.83035917491,USA,91594.3469861415
150122.95032817166,64916.20891390178,484910.5225392724,USA,401532.43680199265
161366.9478534528,86475.82864991811,226894.77069181963,Canada,278505.5756224444
198101.02840013467,158340.03977834887,118025.23167323197,India,268787.0828222032
82523.53538228529,178354.47021594286,36748.37366500633,USA,157920.2780544571
74403.61715855663,174532.97968504875,84878.95254377037,Canada,100257.61804426037
155282.59214839936,109577.52944276822,259886.97427800883,India,300600.3260811725
68160.70805060357,150212.7704855969,168501.58821564316,USA,170761.67803143503
186151.46512071294,80747.64431237314,414441.68294130475,Germany,343753.6489238055
171682.55036860236,93972.159539152,215443.76183090298,India,283483.6210625786
85798.80547500367,184450.37277816798,124357.13629381495,USA,213625.89526361998
150174.21355829947,51950.288526610406,308572.493302015,India,287261.73376307636
150908.57481693648,62826.27962817021,353388.6084427229,India,335326.5389074205
20624.77376718652,81182.9382719041,83520.95395047493,India,114860.74263033082
180510.58133591333,53979.83058107296,83809.60814415883,India,228805.50738681294
101050.47448957142,77215.3152634696,18335.713466771485,India,145972.1214915116
165291.49322154833,137456.23414545384,368201.0075328203,India,372413.11840872286
64009.92020612235,113213.68258887468,331902.26381090254,USA,252631.8456250434
179104.6456992401,183900.75666154624,237315.43787490693,Germany,285072.34625736607
77840.33574683263,172616.53426076612,422085.22448459856,Canada,320178.59135539626
2167.530296059672,101272.6027546814,402835.0764750266,India,216668.41139444162
181076.39528385273,88913.51501469387,292677.18219837605,Canada,361292.6161806346
18257.33535722671,106953.86122509003,434135.6402566293,USA,260242.1305329763
63862.727518082975,138544.24137722116,102920.60501838413,India,146577.8530725145
190012.393410161,90209.54612343144,55959.80969886394,Germany,218082.39093539954
190121.42938751122,143622.3361773701,134874.8057584948,Canada,263493.2961699165
114687.57762465722,111411.74782868606,28543.428044657427,India,173346.32127927538
126367.44243395985,132807.07712779703,265584.764000516,USA,261275.4718510759
89689.10439566395,115418.9793702975,468302.84614748077,Germany,344420.54950610566
58642.154339612905,94169.86393128765,19671.770334254823,Canada,70151.15610424307
65732.90907398319,192267.9960443235,61054.9570050134,Canada,114393.7543505762
134503.69121540769,164540.8691239641,226099.51414171763,India,257779.5889622685
150474.905887536,71016.97636496788,466937.5087639525,Germany,374413.03606052714
158315.8087451697,180270.19638468692,158078.05248837525,Germany,251186.68766538423
157923.62855891077,123114.67973742704,253617.40434419623,Germany,276233.58934297774
18241.220609738073,184182.8340341137,20786.42952519605,Germany,52114.69218718592
98884.0609405163,169978.28839209728,74171.60048104443,USA,165524.42405799057
11511.752003328857,113782.02567038502,493315.0614794234,Germany,259907.13256287025
109905.7764647471,53370.39624801761,482559.3482180228,Canada,360416.5334290064
88306.10027467541,90301.60390774191,2469.990467204808,Canada,100619.15168435537
177540.83655165994,131245.13219913002,475905.8927116195,USA,390208.1252675781
70183.00251041574,145021.7329739221,319559.96890775015,Canada,253248.72481338703
23413.403285521174,88683.15281498033,433959.14726001106,Canada,247272.1139911049
28598.33641056717,70903.41111092363,227369.92781692956,Germany,164218.14657857924
152302.12634349446,175239.53551989485,257798.01428962513,Canada,330121.5777960395
123643.6126632522,197660.3271055328,244423.2901284601,USA,242921.1839335768
20224.53522455805,128853.52734540288,333432.1287730522,Germany,223852.27235274174
16821.361222999487,75751.89287724553,69825.62737815645,India,67892.81461931867
140193.826291824,90846.09897790535,14986.794936338976,Germany,160329.0897240096
14552.601272838705,52758.60148212001,153964.97079559547,USA,108716.07942545848
164372.01185807123,187144.82098407485,352340.38136832335,Germany,348771.8598310647
141248.44543129925,67662.66243352117,100926.72606147418,Germany,177379.8393925005
16269.756128379953,136477.47132713802,336716.21666245867,USA,206396.63749600493
16967.542817038382,91108.2831030809,484956.0230536352,Germany,304904.6734833445
197327.91570023508,133126.700377369,46950.357894709196,USA,221701.75459419223
74854.15915122407,147713.05825277965,336301.05911256315,USA,310371.5880681549
74128.42941337818,174461.27055608024,221875.10965228558,India,221365.463247377
162559.91345150053,80963.19076409048,434071.1271887527,Canada,357204.31624659465
189449.71547677173,51649.37429877207,88574.89472369295,Canada,181067.74418063898
197200.2127645742,70532.8445103211,346312.97611308226,Germany,316013.7180961779
150675.63705178833,185002.79627721576,419057.6448240551,Germany,353887.45207651315
75251.91710618316,181083.5116343773,472307.1097370116,India,356022.6750639952
16700.143339733753,139611.96532554625,341624.0141448229,India,236230.211806461
155429.38318548736,140077.529065048,248587.38200421366,India,259036.64222936847
111680.84994716101,149755.50118193834,308923.62010060693,USA,306633.90664413606
84844.40184939526,76305.69179351744,434452.4922393591,India,298332.25410358224
181270.87701894718,187161.79188874396,285304.87331941485,India,346753.53608119936
22239.49646123027,112815.57873381097,15193.52984841843,Germany,91477.44827844521
98525.02085817183,107470.77923742462,465474.34775348887,India,361735.21065181994
2270.7289534838137,127837.65579242563,344763.3755157806,USA,207178.95470028836
93732.12839882525,57044.895016258255,338256.6928886233,USA,243403.67315994357
11260.65513636747,74942.50531341191,107837.57619885859,Germany,42373.75577596075
23763.583253614383,160705.0424639556,329442.7351163286,India,217560.68051539405
23505.249355420976,62419.80018876897,196932.20282707925,India,131773.6361779532
129842.06042321271,140472.81641995822,325616.48852074606,USA,289080.146981907
149208.97585308464,86802.36645219814,53296.51515399536,India,169431.00885327873
116673.75301943193,108394.34210629648,328922.652301518,India,291855.6688573689
192434.5096949084,93304.06051560497,499706.8628853333,India,427295.1377171133
74974.11590474081,103350.90746974238,24106.019430278015,Canada,90037.52306338518
57142.417256372144,157856.88577763684,488587.09211065865,Germany,340737.6390330526
173719.82563789206,94568.25734347626,203453.9803614353,Canada,277912.1408854624
44719.167703890525,134960.69604453456,435376.72516862955,Germany,272143.9240119306
192644.50788812226,121407.56032986495,391192.74202913675,USA,414352.8930189511
2430.894937963268,149550.67480439722,283508.1304933339,India,186592.2209926715
193975.76534152782,190524.4608987137,369224.60462566325,Germany,397327.24531456496
8631.982390115223,159885.81458153756,439257.78065067396,Canada,288664.50907702156
178228.62273961422,82241.05678861351,202070.16082551648,India,272954.61826630373
105540.22181725997,54677.4702591927,163516.58078161936,USA,201656.44160064036
198592.95922386006,89339.60664497377,333796.6927817924,Germany,358317.0790675129
14759.312947079772,139261.6896050382,403922.9709706293,Germany,243298.69523168117
110770.85688026415,57713.87202263755,381142.5673883079,Germany,303732.20130927855
193860.50712381979,124454.93708018545,398906.82442931726,India,369003.7748913569
104619.56883402976,139526.4273375334,217791.6574064665,Canada,236620.60608724755
125879.7276270525,100136.58362254413,408917.1080875108,Canada,334538.7114192714
139149.73779692344,165636.83056187327,60104.52768530422,Germany,186900.76610330207
90908.21295355464,65989.73797006578,272244.54898042476,USA,226075.01601529724
125511.6160168127,61270.667260371316,2879.3302490607853,USA,82593.17720613917
116862.86238462005,159228.3134305405,162292.91495013513,Canada,211430.74325710651
180231.6020981978,124323.69743092977,183230.76743569894,USA,274954.6726485089
9089.276068291574,153260.3594641604,198086.3458046277,Canada,155489.82943614325
56192.63791844607,115224.10079056193,347733.6033449311,Germany,232834.6394258718
190082.29681531174,86960.30498586602,194279.05063517287,Canada,300607.61108288966
178052.75677818328,172865.34765112994,224346.81131126534,Canada,289151.71840922826
91131.35055714259,169912.38184534688,118772.06543716374,Germany,202653.97172843476
124026.51956030735,154204.470628164,186625.89581467005,USA,247339.39198146382
55476.23659622654,90821.7705844944,113634.81363157574,Canada,115520.38107124137
37624.23194475226,138534.60003036307,36597.96188422182,Canada,125464.96435921188
92739.68098799643,104146.08454100402,301724.29669068893,Germany,232424.9818629132
70670.44560521057,63737.31099899512,334106.39927750814,USA,261093.8328948211
116731.22237017441,187597.03631933642,309745.17300480726,Canada,324548.32165520365
15546.927392996968,70522.79463784421,231747.02190028617,Germany,136055.487074361
194878.9615332333,192535.60307312038,189892.8900896149,Canada,336459.60119461676
197242.14889592057,116900.86594369337,431666.82478591264,India,403696.4610008217
